24.8,2016-04-11 11:00:00
24.8,2016-04-11 11:00:04
24.8,2016-04-11 11:00:07
24.8,2016-04-11 11:00:10
24.8,2016-04-11 11:00:14
24.8,2016-04-11 11:00:17
24.8,2016-04-11 11:00:20
24.8,2016-04-11 11:00:23
24.8,2016-04-11 11:00:27
24.8,2016-04-11 11:00:30
24.8,2016-04-11 11:00:33
24.8,2016-04-11 11:00:37
24.8,2016-04-11 11:00:40
24.8,2016-04-11 11:00:43
24.8,2016-04-11 11:00:47
24.8,2016-04-11 11:00:50
24.89,2016-04-11 11:00:53
24.8,2016-04-11 11:00:56
24.8,2016-04-11 11:01:00
24.8,2016-04-11 11:01:03
24.8,2016-04-11 11:01:06
24.8,2016-04-11 11:01:10
24.8,2016-04-11 11:01:13
24.8,2016-04-11 11:01:16
24.8,2016-04-11 11:01:19
24.8,2016-04-11 11:01:23
24.8,2016-04-11 11:01:26
24.8,2016-04-11 11:01:29
24.8,2016-04-11 11:01:33
24.89,2016-04-11 11:01:36
24.89,2016-04-11 11:01:39
24.89,2016-04-11 11:01:43
24.89,2016-04-11 11:01:46
24.89,2016-04-11 11:01:49
24.89,2016-04-11 11:01:52
24.89,2016-04-11 11:01:56
24.89,2016-04-11 11:01:59
24.89,2016-04-11 11:02:02
24.89,2016-04-11 11:02:06
24.8,2016-04-11 11:02:09
24.89,2016-04-11 11:02:12
24.89,2016-04-11 11:02:16
24.89,2016-04-11 11:02:19
24.89,2016-04-11 11:02:22
24.89,2016-04-11 11:02:25
24.89,2016-04-11 11:02:29
24.89,2016-04-11 11:02:32
24.89,2016-04-11 11:02:35
24.89,2016-04-11 11:02:39
24.89,2016-04-11 11:02:42
24.89,2016-04-11 11:02:45
24.89,2016-04-11 11:02:49
24.89,2016-04-11 11:02:52
24.89,2016-04-11 11:02:55
24.89,2016-04-11 11:02:59
24.89,2016-04-11 11:03:04
24.89,2016-04-11 11:03:05
24.89,2016-04-11 11:03:09
24.89,2016-04-11 11:03:12
24.8,2016-04-11 11:03:15
24.8,2016-04-11 11:03:18
24.8,2016-04-11 11:03:22
24.8,2016-04-11 11:03:25
24.8,2016-04-11 11:03:28
24.8,2016-04-11 11:03:31
24.8,2016-04-11 11:03:35
24.8,2016-04-11 11:03:38
24.89,2016-04-11 11:03:41
24.89,2016-04-11 11:03:45
24.8,2016-04-11 11:03:48
24.89,2016-04-11 11:03:51
24.89,2016-04-11 11:03:54
24.89,2016-04-11 11:03:58
24.89,2016-04-11 11:04:01
24.89,2016-04-11 11:04:04
24.89,2016-04-11 11:04:08
24.89,2016-04-11 11:04:11
24.89,2016-04-11 11:04:14
24.89,2016-04-11 11:04:18
24.89,2016-04-11 11:04:21
24.89,2016-04-11 11:04:24
24.89,2016-04-11 11:04:27
24.89,2016-04-11 11:04:31
24.89,2016-04-11 11:04:34
24.89,2016-04-11 11:04:37
24.89,2016-04-11 11:04:41
24.89,2016-04-11 11:04:44
24.89,2016-04-11 11:04:47
24.89,2016-04-11 11:04:51
24.89,2016-04-11 11:04:54
25,2016-04-11 11:04:57
24.89,2016-04-11 11:05:00
25,2016-04-11 11:05:04
24.89,2016-04-11 11:05:07
24.89,2016-04-11 11:05:10
25,2016-04-11 11:05:14
25,2016-04-11 11:05:17
25,2016-04-11 11:05:20
25,2016-04-11 11:05:24
25,2016-04-11 11:05:27
25,2016-04-11 11:05:30
25,2016-04-11 11:05:33
25,2016-04-11 11:05:37
25,2016-04-11 11:05:40
25,2016-04-11 11:05:43
25,2016-04-11 11:05:47
25,2016-04-11 11:05:50
25,2016-04-11 11:05:53
25,2016-04-11 11:05:56
25.1,2016-04-11 11:06:00
25.1,2016-04-11 11:06:03
25.1,2016-04-11 11:06:06
25.1,2016-04-11 11:06:10
25.1,2016-04-11 11:06:13
25.1,2016-04-11 11:06:16
25.1,2016-04-11 11:06:20
25.1,2016-04-11 11:06:23
25.1,2016-04-11 11:06:26
25.1,2016-04-11 11:06:29
25.1,2016-04-11 11:06:33
25.1,2016-04-11 11:06:36
25.1,2016-04-11 11:06:39
25.1,2016-04-11 11:06:43
25.1,2016-04-11 11:06:46
25.1,2016-04-11 11:06:49
25.1,2016-04-11 11:06:53
25.1,2016-04-11 11:06:56
25.2,2016-04-11 11:06:59
25.2,2016-04-11 11:07:02
25.2,2016-04-11 11:07:06
25.2,2016-04-11 11:07:09
25.2,2016-04-11 11:07:12
25.1,2016-04-11 11:07:16
25.2,2016-04-11 11:07:19
25.2,2016-04-11 11:07:22
25.2,2016-04-11 11:07:26
25.2,2016-04-11 11:07:29
25.2,2016-04-11 11:07:32
25.2,2016-04-11 11:07:35
25.2,2016-04-11 11:07:39
25.2,2016-04-11 11:07:42
25.2,2016-04-11 11:07:45
25.2,2016-04-11 11:07:49
25.2,2016-04-11 11:07:52
25.2,2016-04-11 11:07:55
25.2,2016-04-11 11:07:59
25.2,2016-04-11 11:08:02
25.3,2016-04-11 11:08:05
25.3,2016-04-11 11:08:08
25.2,2016-04-11 11:08:12
25.2,2016-04-11 11:08:15
25.2,2016-04-11 11:08:18
25.3,2016-04-11 11:08:22
25.3,2016-04-11 11:08:25
25.3,2016-04-11 11:08:28
25.3,2016-04-11 11:08:32
25.3,2016-04-11 11:08:35
25.3,2016-04-11 11:08:38
25.3,2016-04-11 11:08:41
25.3,2016-04-11 11:08:45
25.3,2016-04-11 11:08:48
25.3,2016-04-11 11:08:51
25.3,2016-04-11 11:08:55
25.3,2016-04-11 11:08:58
25.3,2016-04-11 11:09:01
25.3,2016-04-11 11:09:04
25.3,2016-04-11 11:09:08
25.3,2016-04-11 11:09:11
25.39,2016-04-11 11:09:14
25.3,2016-04-11 11:09:18
25.3,2016-04-11 11:09:21
25.3,2016-04-11 11:09:24
25.39,2016-04-11 11:09:28
25.3,2016-04-11 11:09:31
25.3,2016-04-11 11:09:34
25.39,2016-04-11 11:09:37
25.39,2016-04-11 11:09:41
25.39,2016-04-11 11:09:44
25.39,2016-04-11 11:09:47
25.39,2016-04-11 11:09:51
25.39,2016-04-11 11:09:54
25.39,2016-04-11 11:09:57
25.39,2016-04-11 11:10:01
25.39,2016-04-11 11:10:04
25.39,2016-04-11 11:10:07
25.39,2016-04-11 11:10:10
25.39,2016-04-11 11:10:14
25.39,2016-04-11 11:10:17
25.39,2016-04-11 11:10:20
25.39,2016-04-11 11:10:24
25.39,2016-04-11 11:10:27
25.39,2016-04-11 11:10:30
25.5,2016-04-11 11:10:34
25.39,2016-04-11 11:10:37
25.39,2016-04-11 11:10:40
25.5,2016-04-11 11:10:43
25.5,2016-04-11 11:10:47
25.5,2016-04-11 11:10:50
25.5,2016-04-11 11:10:53
25.5,2016-04-11 11:10:57
25.5,2016-04-11 11:11:00
25.5,2016-04-11 11:11:03
25.5,2016-04-11 11:11:07
25.5,2016-04-11 11:11:10
25.5,2016-04-11 11:11:13
25.5,2016-04-11 11:11:16
25.5,2016-04-11 11:11:20
25.5,2016-04-11 11:11:23
25.5,2016-04-11 11:11:26
25.5,2016-04-11 11:11:30
25.5,2016-04-11 11:11:33
25.5,2016-04-11 11:11:36
25.5,2016-04-11 11:11:39
25.5,2016-04-11 11:11:43
25.5,2016-04-11 11:11:46
25.5,2016-04-11 11:11:49
25.5,2016-04-11 11:11:53
25.6,2016-04-11 11:11:56
25.5,2016-04-11 11:11:59
25.6,2016-04-11 11:12:03
25.6,2016-04-11 11:12:06
25.6,2016-04-11 11:12:09
25.6,2016-04-11 11:12:12
25.6,2016-04-11 11:12:16
25.6,2016-04-11 11:12:19
25.6,2016-04-11 11:12:22
25.6,2016-04-11 11:12:26
25.6,2016-04-11 11:12:29
25.6,2016-04-11 11:12:32
25.6,2016-04-11 11:12:36
25.6,2016-04-11 11:12:39
25.6,2016-04-11 11:12:42
25.6,2016-04-11 11:12:45
25.6,2016-04-11 11:12:49
25.6,2016-04-11 11:12:52
25.6,2016-04-11 11:12:55
25.6,2016-04-11 11:12:59
25.6,2016-04-11 11:13:02
25.6,2016-04-11 11:13:05
25.7,2016-04-11 11:13:09
25.6,2016-04-11 11:13:12
25.7,2016-04-11 11:13:15
25.7,2016-04-11 11:13:18
25.7,2016-04-11 11:13:22
25.7,2016-04-11 11:13:25
25.7,2016-04-11 11:13:28
25.7,2016-04-11 11:13:32
25.7,2016-04-11 11:13:35
25.7,2016-04-11 11:13:38
25.7,2016-04-11 11:13:42
25.7,2016-04-11 11:13:45
25.7,2016-04-11 11:13:48
25.7,2016-04-11 11:13:51
25.7,2016-04-11 11:13:55
25.7,2016-04-11 11:13:58
25.7,2016-04-11 11:14:01
25.7,2016-04-11 11:14:05
25.7,2016-04-11 11:14:08
25.7,2016-04-11 11:14:11
25.7,2016-04-11 11:14:14
25.7,2016-04-11 11:14:18
25.7,2016-04-11 11:14:21
25.7,2016-04-11 11:14:24
25.7,2016-04-11 11:14:28
25.7,2016-04-11 11:14:31
25.7,2016-04-11 11:14:34
25.7,2016-04-11 11:14:38
25.7,2016-04-11 11:14:41
25.8,2016-04-11 11:14:44
25.8,2016-04-11 11:14:47
25.8,2016-04-11 11:14:51
25.7,2016-04-11 11:14:54
25.7,2016-04-11 11:14:57
25.8,2016-04-11 11:15:01
25.8,2016-04-11 11:15:04
25.7,2016-04-11 11:15:07
25.8,2016-04-11 11:15:11
25.8,2016-04-11 11:15:14
25.8,2016-04-11 11:15:17
25.8,2016-04-11 11:15:20
25.8,2016-04-11 11:15:24
25.8,2016-04-11 11:15:27
25.8,2016-04-11 11:15:30
25.8,2016-04-11 11:15:34
25.8,2016-04-11 11:15:37
25.8,2016-04-11 11:15:40
25.8,2016-04-11 11:15:44
25.8,2016-04-11 11:15:47
25.8,2016-04-11 11:15:50
25.8,2016-04-11 11:15:53
25.8,2016-04-11 11:15:57
25.8,2016-04-11 11:16:00
25.8,2016-04-11 11:16:03
25.8,2016-04-11 11:16:07
25.8,2016-04-11 11:16:10
25.8,2016-04-11 11:16:13
25.8,2016-04-11 11:16:17
25.8,2016-04-11 11:16:20
25.8,2016-04-11 11:16:23
25.8,2016-04-11 11:16:26
25.8,2016-04-11 11:16:30
25.8,2016-04-11 11:16:33
25.8,2016-04-11 11:16:36
25.8,2016-04-11 11:16:40
25.8,2016-04-11 11:16:43
25.8,2016-04-11 11:16:46
25.8,2016-04-11 11:16:50
25.8,2016-04-11 11:16:53
25.8,2016-04-11 11:16:56
25.8,2016-04-11 11:16:59
25.8,2016-04-11 11:17:03
25.8,2016-04-11 11:17:06
25.8,2016-04-11 11:17:09
25.8,2016-04-11 11:17:13
25.8,2016-04-11 11:17:16
25.8,2016-04-11 11:17:19
25.89,2016-04-11 11:17:22
25.89,2016-04-11 11:17:26
25.89,2016-04-11 11:17:29
25.89,2016-04-11 11:17:32
25.8,2016-04-11 11:17:36
25.89,2016-04-11 11:17:39
25.89,2016-04-11 11:17:42
25.89,2016-04-11 11:17:46
25.89,2016-04-11 11:17:49
25.89,2016-04-11 11:17:52
25.89,2016-04-11 11:17:55
25.89,2016-04-11 11:17:59
25.89,2016-04-11 11:18:02
25.89,2016-04-11 11:18:05
25.89,2016-04-11 11:18:09
25.89,2016-04-11 11:18:12
25.89,2016-04-11 11:18:15
25.89,2016-04-11 11:18:19
25.89,2016-04-11 11:18:22
25.89,2016-04-11 11:18:25
25.89,2016-04-11 11:18:28
25.8,2016-04-11 11:18:32
25.89,2016-04-11 11:18:35
25.89,2016-04-11 11:18:38
25.89,2016-04-11 11:18:42
25.89,2016-04-11 11:18:45
25.89,2016-04-11 11:18:48
25.89,2016-04-11 11:18:51
25.89,2016-04-11 11:18:55
25.89,2016-04-11 11:18:58
25.89,2016-04-11 11:19:01
25.89,2016-04-11 11:19:05
25.89,2016-04-11 11:19:08
25.89,2016-04-11 11:19:11
25.89,2016-04-11 11:19:15
25.89,2016-04-11 11:19:18
25.89,2016-04-11 11:19:21
25.89,2016-04-11 11:19:24
25.89,2016-04-11 11:19:28
25.89,2016-04-11 11:19:31
25.89,2016-04-11 11:19:34
25.89,2016-04-11 11:19:38
25.89,2016-04-11 11:19:41
25.89,2016-04-11 11:19:44
25.89,2016-04-11 11:19:48
25.89,2016-04-11 11:19:51
25.89,2016-04-11 11:19:54
25.89,2016-04-11 11:19:57
25.89,2016-04-11 11:20:01
25.89,2016-04-11 11:20:04
25.89,2016-04-11 11:20:07
25.89,2016-04-11 11:20:11
25.89,2016-04-11 11:20:14
25.89,2016-04-11 11:20:17
25.89,2016-04-11 11:20:21
25.89,2016-04-11 11:20:24
25.89,2016-04-11 11:20:27
25.89,2016-04-11 11:20:30
25.89,2016-04-11 11:20:34
25.89,2016-04-11 11:20:37
25.89,2016-04-11 11:20:40
25.89,2016-04-11 11:20:44
25.89,2016-04-11 11:20:47
25.89,2016-04-11 11:20:50
25.89,2016-04-11 11:20:54
25.89,2016-04-11 11:20:57
25.89,2016-04-11 11:21:00
25.89,2016-04-11 11:21:03
25.89,2016-04-11 11:21:07
25.89,2016-04-11 11:21:10
25.89,2016-04-11 11:21:13
25.89,2016-04-11 11:21:17
25.89,2016-04-11 11:21:20
25.89,2016-04-11 11:21:23
25.89,2016-04-11 11:21:27
25.89,2016-04-11 11:21:30
25.89,2016-04-11 11:21:33
25.89,2016-04-11 11:21:36
25.89,2016-04-11 11:21:40
25.89,2016-04-11 11:21:43
25.89,2016-04-11 11:21:46
25.89,2016-04-11 11:21:50
25.89,2016-04-11 11:21:53
25.89,2016-04-11 11:21:56
25.89,2016-04-11 11:21:59
25.89,2016-04-11 11:22:03
25.89,2016-04-11 11:22:06
25.89,2016-04-11 11:22:09
25.89,2016-04-11 11:22:13
26,2016-04-11 11:22:16
25.89,2016-04-11 11:22:19
25.89,2016-04-11 11:22:23
25.89,2016-04-11 11:22:26
25.89,2016-04-11 11:22:29
25.89,2016-04-11 11:22:32
25.89,2016-04-11 11:22:36
25.89,2016-04-11 11:22:39
25.89,2016-04-11 11:22:42
25.89,2016-04-11 11:22:46
25.89,2016-04-11 11:22:49
25.89,2016-04-11 11:22:52
25.89,2016-04-11 11:22:56
25.89,2016-04-11 11:22:59
26,2016-04-11 11:23:02
25.89,2016-04-11 11:23:05
26,2016-04-11 11:23:09
26,2016-04-11 11:23:12
25.89,2016-04-11 11:23:15
26,2016-04-11 11:23:19
26,2016-04-11 11:23:22
26,2016-04-11 11:23:25
25.89,2016-04-11 11:23:29
26,2016-04-11 11:23:32
26,2016-04-11 11:23:35
26,2016-04-11 11:23:38
26,2016-04-11 11:23:42
26,2016-04-11 11:23:45
26,2016-04-11 11:23:48
26,2016-04-11 11:23:52
26,2016-04-11 11:23:55
26,2016-04-11 11:23:58
26,2016-04-11 11:24:01
26,2016-04-11 11:24:05
26,2016-04-11 11:24:08
26,2016-04-11 11:24:11
26,2016-04-11 11:24:15
26,2016-04-11 11:24:18
26,2016-04-11 11:24:21
26,2016-04-11 11:24:25
26,2016-04-11 11:24:28
26,2016-04-11 11:24:31
26,2016-04-11 11:24:34
26,2016-04-11 11:24:38
26,2016-04-11 11:24:41
26,2016-04-11 11:24:44
26,2016-04-11 11:24:48
26,2016-04-11 11:24:51
26,2016-04-11 11:24:54
26,2016-04-11 11:24:58
26,2016-04-11 11:25:01
26,2016-04-11 11:25:04
26,2016-04-11 11:25:07
26,2016-04-11 11:25:11
26,2016-04-11 11:25:14
26,2016-04-11 11:25:17
26,2016-04-11 11:25:21
26,2016-04-11 11:25:24
26,2016-04-11 11:25:27
26,2016-04-11 11:25:31
26,2016-04-11 11:25:34
26,2016-04-11 11:25:37
26,2016-04-11 11:25:40
26,2016-04-11 11:25:44
26,2016-04-11 11:25:47
26,2016-04-11 11:25:50
26,2016-04-11 11:25:54
26.1,2016-04-11 11:25:57
26,2016-04-11 11:26:00
26.1,2016-04-11 11:26:04
26,2016-04-11 11:26:07
26.1,2016-04-11 11:26:10
26.1,2016-04-11 11:26:13
26.1,2016-04-11 11:26:17
26.1,2016-04-11 11:26:20
26.1,2016-04-11 11:26:23
26.1,2016-04-11 11:26:27
26.1,2016-04-11 11:26:30
26.1,2016-04-11 11:26:33
26.1,2016-04-11 11:26:36
26.1,2016-04-11 11:26:40
26.1,2016-04-11 11:26:43
26.1,2016-04-11 11:26:46
26.1,2016-04-11 11:26:50
26.1,2016-04-11 11:26:53
26.1,2016-04-11 11:26:56
26.1,2016-04-11 11:27:00
26.1,2016-04-11 11:27:03
26.1,2016-04-11 11:27:06
26.1,2016-04-11 11:27:09
26.1,2016-04-11 11:27:13
26.1,2016-04-11 11:27:16
26.2,2016-04-11 11:27:19
26.2,2016-04-11 11:27:23
26.2,2016-04-11 11:27:26
26.1,2016-04-11 11:27:29
26.2,2016-04-11 11:27:33
26.2,2016-04-11 11:27:36
26.1,2016-04-11 11:27:39
26.1,2016-04-11 11:27:42
26.2,2016-04-11 11:27:46
26.1,2016-04-11 11:27:49
26.2,2016-04-11 11:27:52
26.2,2016-04-11 11:27:56
26.2,2016-04-11 11:27:59
26.2,2016-04-11 11:28:02
26.2,2016-04-11 11:28:06
26.2,2016-04-11 11:28:09
26.2,2016-04-11 11:28:12
26.2,2016-04-11 11:28:15
26.1,2016-04-11 11:28:19
26.2,2016-04-11 11:28:22
26.2,2016-04-11 11:28:25
26.2,2016-04-11 11:28:29
26.2,2016-04-11 11:28:32
26.2,2016-04-11 11:28:35
26.2,2016-04-11 11:28:39
26.2,2016-04-11 11:28:42
26.2,2016-04-11 11:28:45
26.2,2016-04-11 11:28:48
26.2,2016-04-11 11:28:52
26.2,2016-04-11 11:28:55
26.2,2016-04-11 11:28:58
26.2,2016-04-11 11:29:02
26.2,2016-04-11 11:29:05
26.2,2016-04-11 11:29:08
26.2,2016-04-11 11:29:11
26.2,2016-04-11 11:29:15
26.2,2016-04-11 11:29:18
26.2,2016-04-11 11:29:21
26.2,2016-04-11 11:29:25
26.2,2016-04-11 11:29:28
26.2,2016-04-11 11:29:31
26.2,2016-04-11 11:29:35
26.2,2016-04-11 11:29:38
26.2,2016-04-11 11:29:41
26.2,2016-04-11 11:29:44
26.2,2016-04-11 11:29:48
26.2,2016-04-11 11:29:51
26.2,2016-04-11 11:29:54
26.2,2016-04-11 11:29:58
26.2,2016-04-11 11:30:01
26.3,2016-04-11 11:30:04
26.3,2016-04-11 11:30:08
26.3,2016-04-11 11:30:11
26.3,2016-04-11 11:30:14
26.3,2016-04-11 11:30:17
26.3,2016-04-11 11:30:21
26.3,2016-04-11 11:30:24
26.2,2016-04-11 11:30:27
26.2,2016-04-11 11:30:31
26.2,2016-04-11 11:30:34
26.3,2016-04-11 11:30:37
26.3,2016-04-11 11:30:40
26.3,2016-04-11 11:30:44
26.3,2016-04-11 11:30:47
26.3,2016-04-11 11:30:50
26.3,2016-04-11 11:30:54
26.3,2016-04-11 11:30:57
26.3,2016-04-11 11:31:00
26.3,2016-04-11 11:31:04
26.3,2016-04-11 11:31:07
26.3,2016-04-11 11:31:10
26.3,2016-04-11 11:31:13
26.3,2016-04-11 11:31:17
26.3,2016-04-11 11:31:20
26.3,2016-04-11 11:31:23
26.3,2016-04-11 11:31:27
26.3,2016-04-11 11:31:30
26.3,2016-04-11 11:31:33
26.3,2016-04-11 11:31:37
26.3,2016-04-11 11:31:40
26.3,2016-04-11 11:31:43
26.3,2016-04-11 11:31:46
26.3,2016-04-11 11:31:50
26.3,2016-04-11 11:31:53
26.3,2016-04-11 11:31:56
26.3,2016-04-11 11:32:00
26.3,2016-04-11 11:32:03
26.3,2016-04-11 11:32:06
26.3,2016-04-11 11:32:10
26.3,2016-04-11 11:32:13
26.3,2016-04-11 11:32:16
26.3,2016-04-11 11:32:19
26.3,2016-04-11 11:32:23
26.3,2016-04-11 11:32:26
26.3,2016-04-11 11:32:29
26.3,2016-04-11 11:32:33
26.3,2016-04-11 11:32:36
26.3,2016-04-11 11:32:39
26.3,2016-04-11 11:32:43
26.3,2016-04-11 11:32:46
26.3,2016-04-11 11:32:49
26.3,2016-04-11 11:32:52
26.3,2016-04-11 11:32:56
26.3,2016-04-11 11:32:59
26.3,2016-04-11 11:33:02
26.3,2016-04-11 11:33:06
26.3,2016-04-11 11:33:09
26.3,2016-04-11 11:33:12
26.3,2016-04-11 11:33:16
26.3,2016-04-11 11:33:19
26.3,2016-04-11 11:33:22
26.3,2016-04-11 11:33:25
26.3,2016-04-11 11:33:29
26.3,2016-04-11 11:33:32
26.3,2016-04-11 11:33:35
26.3,2016-04-11 11:33:39
26.3,2016-04-11 11:33:42
26.3,2016-04-11 11:33:45
26.2,2016-04-11 11:33:48
26.2,2016-04-11 11:33:52
26.2,2016-04-11 11:33:55
26.2,2016-04-11 11:33:58
26.2,2016-04-11 11:34:02
26.2,2016-04-11 11:34:05
26.2,2016-04-11 11:34:08
26.2,2016-04-11 11:34:12
26.2,2016-04-11 11:34:15
26.2,2016-04-11 11:34:18
26.2,2016-04-11 11:34:21
26.2,2016-04-11 11:34:25
26.2,2016-04-11 11:34:28
26.2,2016-04-11 11:34:31
26.2,2016-04-11 11:34:35
26.2,2016-04-11 11:34:38
26.2,2016-04-11 11:34:41
26.2,2016-04-11 11:34:45
26.2,2016-04-11 11:34:48
26.1,2016-04-11 11:34:51
26.1,2016-04-11 11:34:54
26,2016-04-11 11:34:58
26,2016-04-11 11:35:01
26,2016-04-11 11:35:04
26.1,2016-04-11 11:35:08
26.1,2016-04-11 11:35:11
26.1,2016-04-11 11:35:14
26,2016-04-11 11:35:18
26,2016-04-11 11:35:21
26,2016-04-11 11:35:24
25.89,2016-04-11 11:35:27
25.89,2016-04-11 11:35:31
25.89,2016-04-11 11:35:34
25.89,2016-04-11 11:35:37
25.89,2016-04-11 11:35:41
25.89,2016-04-11 11:35:44
25.89,2016-04-11 11:35:47
25.89,2016-04-11 11:35:50
25.89,2016-04-11 11:35:54
25.89,2016-04-11 11:35:57
25.89,2016-04-11 11:36:00
25.8,2016-04-11 11:36:04
25.8,2016-04-11 11:36:07
25.89,2016-04-11 11:36:10
25.8,2016-04-11 11:36:14
25.8,2016-04-11 11:36:17
25.8,2016-04-11 11:36:20
25.8,2016-04-11 11:36:23
25.8,2016-04-11 11:36:27
25.8,2016-04-11 11:36:30
25.8,2016-04-11 11:36:33
25.8,2016-04-11 11:36:37
25.8,2016-04-11 11:36:40
25.8,2016-04-11 11:36:43
25.8,2016-04-11 11:36:47
25.8,2016-04-11 11:36:50
25.7,2016-04-11 11:36:53
25.8,2016-04-11 11:36:56
25.8,2016-04-11 11:37:00
25.8,2016-04-11 11:37:03
25.8,2016-04-11 11:37:06
25.8,2016-04-11 11:37:10
25.8,2016-04-11 11:37:13
25.8,2016-04-11 11:37:16
25.8,2016-04-11 11:37:20
25.8,2016-04-11 11:37:23
25.8,2016-04-11 11:37:26
25.8,2016-04-11 11:37:29
25.8,2016-04-11 11:37:33
25.8,2016-04-11 11:37:36
25.7,2016-04-11 11:37:39
25.7,2016-04-11 11:37:43
25.8,2016-04-11 11:37:46
25.7,2016-04-11 11:37:49
25.7,2016-04-11 11:37:52
25.7,2016-04-11 11:37:56
25.7,2016-04-11 11:37:59
25.7,2016-04-11 11:38:02
25.7,2016-04-11 11:38:06
25.7,2016-04-11 11:38:09
25.7,2016-04-11 11:38:12
25.6,2016-04-11 11:38:16
25.6,2016-04-11 11:38:19
25.6,2016-04-11 11:38:22
25.6,2016-04-11 11:38:26
25.6,2016-04-11 11:38:29
25.6,2016-04-11 11:38:32
25.6,2016-04-11 11:38:35
25.6,2016-04-11 11:38:39
25.6,2016-04-11 11:38:42
25.6,2016-04-11 11:38:45
25.6,2016-04-11 11:38:49
25.6,2016-04-11 11:38:52
25.6,2016-04-11 11:38:55
25.6,2016-04-11 11:38:58
25.6,2016-04-11 11:39:02
25.6,2016-04-11 11:39:05
25.6,2016-04-11 11:39:08
25.6,2016-04-11 11:39:12
25.6,2016-04-11 11:39:15
25.6,2016-04-11 11:39:18
25.6,2016-04-11 11:39:22
25.6,2016-04-11 11:39:25
25.6,2016-04-11 11:39:28
25.6,2016-04-11 11:39:31
25.6,2016-04-11 11:39:35
25.6,2016-04-11 11:39:38
25.6,2016-04-11 11:39:41
25.6,2016-04-11 11:39:45
25.7,2016-04-11 11:39:48
25.7,2016-04-11 11:39:51
25.6,2016-04-11 11:39:55
25.7,2016-04-11 11:39:58
25.7,2016-04-11 11:40:01
25.7,2016-04-11 11:40:04
25.7,2016-04-11 11:40:08
25.7,2016-04-11 11:40:11
25.7,2016-04-11 11:40:14
25.7,2016-04-11 11:40:18
25.7,2016-04-11 11:40:21
25.7,2016-04-11 11:40:24
25.7,2016-04-11 11:40:27
25.7,2016-04-11 11:40:31
25.7,2016-04-11 11:40:34
25.7,2016-04-11 11:40:37
25.6,2016-04-11 11:40:41
25.7,2016-04-11 11:40:44
25.7,2016-04-11 11:40:47
25.7,2016-04-11 11:40:51
25.7,2016-04-11 11:40:54
25.7,2016-04-11 11:40:57
25.7,2016-04-11 11:41:00
25.7,2016-04-11 11:41:04
25.7,2016-04-11 11:41:07
25.6,2016-04-11 11:41:10
25.6,2016-04-11 11:41:14
25.6,2016-04-11 11:41:17
25.6,2016-04-11 11:41:20
25.6,2016-04-11 11:41:24
25.7,2016-04-11 11:41:27
25.6,2016-04-11 11:41:30
25.7,2016-04-11 11:41:33
25.7,2016-04-11 11:41:37
25.6,2016-04-11 11:41:40
25.6,2016-04-11 11:41:43
25.6,2016-04-11 11:41:47
25.6,2016-04-11 11:41:50
25.6,2016-04-11 11:41:53
25.6,2016-04-11 11:41:57
25.6,2016-04-11 11:42:00
25.5,2016-04-11 11:42:03
25.5,2016-04-11 11:42:06
25.6,2016-04-11 11:42:10
25.6,2016-04-11 11:42:13
25.5,2016-04-11 11:42:16
25.5,2016-04-11 11:42:20
25.6,2016-04-11 11:42:23
25.6,2016-04-11 11:42:26
25.6,2016-04-11 11:42:29
25.6,2016-04-11 11:42:33
25.6,2016-04-11 11:42:36
25.6,2016-04-11 11:42:39
25.6,2016-04-11 11:42:43
25.5,2016-04-11 11:42:46
25.5,2016-04-11 11:42:49
25.5,2016-04-11 11:42:53
25.6,2016-04-11 11:42:56
25.6,2016-04-11 11:42:59
25.6,2016-04-11 11:43:02
25.6,2016-04-11 11:43:06
25.6,2016-04-11 11:43:09
25.6,2016-04-11 11:43:12
25.6,2016-04-11 11:43:16
25.6,2016-04-11 11:43:19
25.7,2016-04-11 11:43:22
25.7,2016-04-11 11:43:26
25.7,2016-04-11 11:43:29
25.6,2016-04-11 11:43:32
25.6,2016-04-11 11:43:35
25.5,2016-04-11 11:43:39
25.6,2016-04-11 11:43:42
25.6,2016-04-11 11:43:45
25.6,2016-04-11 11:43:49
25.6,2016-04-11 11:43:52
25.6,2016-04-11 11:43:55
25.6,2016-04-11 11:43:59
25.5,2016-04-11 11:44:02
25.5,2016-04-11 11:44:05
25.5,2016-04-11 11:44:08
25.5,2016-04-11 11:44:12
25.5,2016-04-11 11:44:15
25.5,2016-04-11 11:44:18
25.5,2016-04-11 11:44:22
25.5,2016-04-11 11:44:25
25.5,2016-04-11 11:44:28
25.5,2016-04-11 11:44:32
25.6,2016-04-11 11:44:35
25.6,2016-04-11 11:44:38
25.6,2016-04-11 11:44:41
25.7,2016-04-11 11:44:45
25.7,2016-04-11 11:44:48
25.7,2016-04-11 11:44:51
25.7,2016-04-11 11:44:55
25.7,2016-04-11 11:44:58
25.7,2016-04-11 11:45:01
25.7,2016-04-11 11:45:04
25.7,2016-04-11 11:45:08
25.7,2016-04-11 11:45:11
25.7,2016-04-11 11:45:14
25.7,2016-04-11 11:45:18
25.7,2016-04-11 11:45:21
25.7,2016-04-11 11:45:24
25.7,2016-04-11 11:45:28
25.7,2016-04-11 11:45:31
25.7,2016-04-11 11:45:34
25.7,2016-04-11 11:45:37
25.7,2016-04-11 11:45:41
25.8,2016-04-11 11:45:44
25.7,2016-04-11 11:45:47
25.8,2016-04-11 11:45:51
25.7,2016-04-11 11:45:54
25.7,2016-04-11 11:45:57
25.7,2016-04-11 11:46:01
25.7,2016-04-11 11:46:04
25.7,2016-04-11 11:46:07
25.7,2016-04-11 11:46:10
25.7,2016-04-11 11:46:14
25.6,2016-04-11 11:46:17
25.6,2016-04-11 11:46:20
25.6,2016-04-11 11:46:24
25.7,2016-04-11 11:46:27
25.7,2016-04-11 11:46:30
25.7,2016-04-11 11:46:34
25.7,2016-04-11 11:46:37
25.7,2016-04-11 11:46:40
25.7,2016-04-11 11:46:43
25.7,2016-04-11 11:46:47
25.7,2016-04-11 11:46:50
25.7,2016-04-11 11:46:53
25.7,2016-04-11 11:46:57
25.7,2016-04-11 11:47:00
25.7,2016-04-11 11:47:03
25.8,2016-04-11 11:47:07
25.7,2016-04-11 11:47:10
25.7,2016-04-11 11:47:13
25.7,2016-04-11 11:47:16
25.7,2016-04-11 11:47:20
25.7,2016-04-11 11:47:23
25.7,2016-04-11 11:47:26
25.7,2016-04-11 11:47:30
25.7,2016-04-11 11:47:33
25.7,2016-04-11 11:47:36
25.7,2016-04-11 11:47:39
25.7,2016-04-11 11:47:43
25.7,2016-04-11 11:47:46
25.7,2016-04-11 11:47:49
25.7,2016-04-11 11:47:53
25.7,2016-04-11 11:47:56
25.7,2016-04-11 11:47:59
25.7,2016-04-11 11:48:03
25.7,2016-04-11 11:48:06
25.7,2016-04-11 11:48:09
25.7,2016-04-11 11:48:12
25.7,2016-04-11 11:48:16
25.8,2016-04-11 11:48:19
25.8,2016-04-11 11:48:22
25.8,2016-04-11 11:48:26
25.8,2016-04-11 11:48:29
25.8,2016-04-11 11:48:32
25.8,2016-04-11 11:48:36
25.8,2016-04-11 11:48:39
25.8,2016-04-11 11:48:42
25.7,2016-04-11 11:48:45
25.7,2016-04-11 11:48:49
25.7,2016-04-11 11:48:52
25.7,2016-04-11 11:48:55
25.8,2016-04-11 11:48:59
25.7,2016-04-11 11:49:02
25.7,2016-04-11 11:49:05
25.7,2016-04-11 11:49:09
25.7,2016-04-11 11:49:12
25.7,2016-04-11 11:49:15
25.7,2016-04-11 11:49:18
25.8,2016-04-11 11:49:22
25.7,2016-04-11 11:49:25
25.7,2016-04-11 11:49:28
25.7,2016-04-11 11:49:32
25.7,2016-04-11 11:49:35
25.7,2016-04-11 11:49:38
25.7,2016-04-11 11:49:41
25.7,2016-04-11 11:49:45
25.7,2016-04-11 11:49:48
25.7,2016-04-11 11:49:51
25.7,2016-04-11 11:49:55
25.7,2016-04-11 11:49:58
25.7,2016-04-11 11:50:01
25.7,2016-04-11 11:50:05
25.7,2016-04-11 11:50:08
25.7,2016-04-11 11:50:11
25.7,2016-04-11 11:50:14
25.7,2016-04-11 11:50:18
25.7,2016-04-11 11:50:21
25.7,2016-04-11 11:50:24
25.7,2016-04-11 11:50:28
25.7,2016-04-11 11:50:31
25.7,2016-04-11 11:50:34
25.7,2016-04-11 11:50:38
25.7,2016-04-11 11:50:41
25.8,2016-04-11 11:50:44
25.7,2016-04-11 11:50:47
25.7,2016-04-11 11:50:51
25.8,2016-04-11 11:50:54
25.8,2016-04-11 11:50:57
25.8,2016-04-11 11:51:01
25.7,2016-04-11 11:51:04
25.8,2016-04-11 11:51:07
25.8,2016-04-11 11:51:11
25.8,2016-04-11 11:51:14
25.8,2016-04-11 11:51:17
25.8,2016-04-11 11:51:20
25.8,2016-04-11 11:51:24
25.8,2016-04-11 11:51:27
25.8,2016-04-11 11:51:30
25.8,2016-04-11 11:51:34
25.8,2016-04-11 11:51:37
25.8,2016-04-11 11:51:40
25.89,2016-04-11 11:51:44
25.8,2016-04-11 11:51:47
25.89,2016-04-11 11:51:50
25.89,2016-04-11 11:51:53
25.89,2016-04-11 11:51:57
25.89,2016-04-11 11:52:00
25.89,2016-04-11 11:52:03
25.89,2016-04-11 11:52:07
25.89,2016-04-11 11:52:10
25.89,2016-04-11 11:52:13
25.89,2016-04-11 11:52:16
25.89,2016-04-11 11:52:20
25.89,2016-04-11 11:52:23
25.89,2016-04-11 11:52:26
25.89,2016-04-11 11:52:30
25.89,2016-04-11 11:52:33
25.89,2016-04-11 11:52:36
25.8,2016-04-11 11:52:40
25.89,2016-04-11 11:52:43
25.89,2016-04-11 11:52:46
25.89,2016-04-11 11:52:49
25.89,2016-04-11 11:52:53
25.89,2016-04-11 11:52:56
25.89,2016-04-11 11:52:59
25.89,2016-04-11 11:53:03
25.89,2016-04-11 11:53:06
25.89,2016-04-11 11:53:09
25.89,2016-04-11 11:53:13
25.89,2016-04-11 11:53:16
25.89,2016-04-11 11:53:19
25.8,2016-04-11 11:53:22
25.89,2016-04-11 11:53:26
25.89,2016-04-11 11:53:29
25.8,2016-04-11 11:53:32
25.8,2016-04-11 11:53:36
25.8,2016-04-11 11:53:39
25.8,2016-04-11 11:53:42
25.8,2016-04-11 11:53:46
25.8,2016-04-11 11:53:49
25.89,2016-04-11 11:53:52
25.89,2016-04-11 11:53:55
25.89,2016-04-11 11:53:59
25.89,2016-04-11 11:54:02
25.89,2016-04-11 11:54:05
25.89,2016-04-11 11:54:09
25.89,2016-04-11 11:54:12
25.8,2016-04-11 11:54:15
25.8,2016-04-11 11:54:18
25.8,2016-04-11 11:54:22
25.8,2016-04-11 11:54:25
25.8,2016-04-11 11:54:28
25.8,2016-04-11 11:54:32
25.8,2016-04-11 11:54:35
25.7,2016-04-11 11:54:38
25.7,2016-04-11 11:54:42
25.7,2016-04-11 11:54:45
25.6,2016-04-11 11:54:48
25.6,2016-04-11 11:54:51
25.6,2016-04-11 11:54:55
25.6,2016-04-11 11:54:58
25.6,2016-04-11 11:55:01
25.7,2016-04-11 11:55:05
25.6,2016-04-11 11:55:08
25.7,2016-04-11 11:55:11
25.6,2016-04-11 11:55:15
25.7,2016-04-11 11:55:18
25.6,2016-04-11 11:55:21
25.5,2016-04-11 11:55:24
25.5,2016-04-11 11:55:28
25.5,2016-04-11 11:55:31
25.5,2016-04-11 11:55:34
25.5,2016-04-11 11:55:38
25.39,2016-04-11 11:55:41
25.5,2016-04-11 11:55:44
25.5,2016-04-11 11:55:48
25.5,2016-04-11 11:55:51
25.5,2016-04-11 11:55:54
25.5,2016-04-11 11:55:57
25.5,2016-04-11 11:56:01
25.5,2016-04-11 11:56:04
25.5,2016-04-11 11:56:07
25.5,2016-04-11 11:56:11
25.39,2016-04-11 11:56:14
25.5,2016-04-11 11:56:17
25.5,2016-04-11 11:56:21
25.5,2016-04-11 11:56:24
25.5,2016-04-11 11:56:27
25.5,2016-04-11 11:56:30
25.5,2016-04-11 11:56:34
25.5,2016-04-11 11:56:37
25.6,2016-04-11 11:56:40
25.5,2016-04-11 11:56:44
25.6,2016-04-11 11:56:47
25.6,2016-04-11 11:56:50
25.6,2016-04-11 11:56:53
25.6,2016-04-11 11:56:57
25.6,2016-04-11 11:57:00
25.6,2016-04-11 11:57:03
25.6,2016-04-11 11:57:07
25.6,2016-04-11 11:57:10
25.6,2016-04-11 11:57:13
25.6,2016-04-11 11:57:17
25.6,2016-04-11 11:57:20
25.6,2016-04-11 11:57:23
25.6,2016-04-11 11:57:26
25.6,2016-04-11 11:57:30
25.6,2016-04-11 11:57:33
25.6,2016-04-11 11:57:36
25.6,2016-04-11 11:57:40
25.7,2016-04-11 11:57:43
25.6,2016-04-11 11:57:46
25.6,2016-04-11 11:57:50
25.6,2016-04-11 11:57:53
25.7,2016-04-11 11:57:56
25.6,2016-04-11 11:57:59
25.7,2016-04-11 11:58:03
25.7,2016-04-11 11:58:06
25.7,2016-04-11 11:58:09
25.7,2016-04-11 11:58:13
25.7,2016-04-11 11:58:16
25.7,2016-04-11 11:58:19
25.7,2016-04-11 11:58:23
25.7,2016-04-11 11:58:26
25.8,2016-04-11 11:58:29
25.7,2016-04-11 11:58:32
25.7,2016-04-11 11:58:36
25.7,2016-04-11 11:58:39
25.7,2016-04-11 11:58:42
25.7,2016-04-11 11:58:46
25.7,2016-04-11 11:58:49
25.8,2016-04-11 11:58:52
25.7,2016-04-11 11:58:55
25.8,2016-04-11 11:58:59
25.8,2016-04-11 11:59:02
25.8,2016-04-11 11:59:05
25.8,2016-04-11 11:59:09
25.8,2016-04-11 11:59:12
25.8,2016-04-11 11:59:15
25.8,2016-04-11 11:59:19
25.8,2016-04-11 11:59:22
25.8,2016-04-11 11:59:25
25.8,2016-04-11 11:59:28
25.8,2016-04-11 11:59:32
25.8,2016-04-11 11:59:35
25.8,2016-04-11 11:59:38
25.8,2016-04-11 11:59:42
25.8,2016-04-11 11:59:45
25.8,2016-04-11 11:59:48
25.8,2016-04-11 11:59:52
25.89,2016-04-11 11:59:55
25.8,2016-04-11 11:59:58
25.8,2016-04-11 12:00:01
25.89,2016-04-11 12:00:05
25.89,2016-04-11 12:00:08
25.89,2016-04-11 12:00:11
25.89,2016-04-11 12:00:15
26,2016-04-11 12:00:18
25.89,2016-04-11 12:00:21
25.89,2016-04-11 12:00:25
25.89,2016-04-11 12:00:28
26,2016-04-11 12:00:31
25.89,2016-04-11 12:00:34
25.89,2016-04-11 12:00:38
25.89,2016-04-11 12:00:41
25.89,2016-04-11 12:00:44
26,2016-04-11 12:00:48
25.89,2016-04-11 12:00:51
25.89,2016-04-11 12:00:54
25.89,2016-04-11 12:00:58
25.89,2016-04-11 12:01:01
25.89,2016-04-11 12:01:04
25.89,2016-04-11 12:01:07
25.89,2016-04-11 12:01:11
26,2016-04-11 12:01:14
26,2016-04-11 12:01:17
26,2016-04-11 12:01:21
26,2016-04-11 12:01:24
26,2016-04-11 12:01:27
26,2016-04-11 12:01:30
26,2016-04-11 12:01:34
26,2016-04-11 12:01:37
26,2016-04-11 12:01:40
26,2016-04-11 12:01:44
26,2016-04-11 12:01:47
26,2016-04-11 12:01:50
26,2016-04-11 12:01:54
26,2016-04-11 12:01:57
26,2016-04-11 12:02:00
26,2016-04-11 12:02:03
26.1,2016-04-11 12:02:07
26.1,2016-04-11 12:02:10
26.1,2016-04-11 12:02:13
26.1,2016-04-11 12:02:17
26.1,2016-04-11 12:02:20
26.1,2016-04-11 12:02:23
26.1,2016-04-11 12:02:27
26.1,2016-04-11 12:02:30
26.1,2016-04-11 12:02:33
26.1,2016-04-11 12:02:36
26,2016-04-11 12:02:40
26,2016-04-11 12:02:43
26,2016-04-11 12:02:46
26,2016-04-11 12:02:50
26,2016-04-11 12:02:53
26,2016-04-11 12:02:56
26,2016-04-11 12:03:00
26,2016-04-11 12:03:03
26,2016-04-11 12:03:06
26,2016-04-11 12:03:09
25.89,2016-04-11 12:03:13
25.89,2016-04-11 12:03:16
25.89,2016-04-11 12:03:19
25.89,2016-04-11 12:03:23
25.89,2016-04-11 12:03:26
26,2016-04-11 12:03:29
26,2016-04-11 12:03:32
26.1,2016-04-11 12:03:36
26,2016-04-11 12:03:39
26,2016-04-11 12:03:42
26.1,2016-04-11 12:03:46
26.1,2016-04-11 12:03:49
26,2016-04-11 12:03:52
26,2016-04-11 12:03:56
26.1,2016-04-11 12:03:59
26.1,2016-04-11 12:04:02
26.1,2016-04-11 12:04:05
26.1,2016-04-11 12:04:09
26.1,2016-04-11 12:04:12
26.1,2016-04-11 12:04:15
26.1,2016-04-11 12:04:19
26.1,2016-04-11 12:04:22
26.2,2016-04-11 12:04:25
26.1,2016-04-11 12:04:29
26.2,2016-04-11 12:04:32
26.2,2016-04-11 12:04:35
26.2,2016-04-11 12:04:38
26.2,2016-04-11 12:04:42
26.2,2016-04-11 12:04:45
26.2,2016-04-11 12:04:48
26.2,2016-04-11 12:04:52
26.2,2016-04-11 12:04:55
26.2,2016-04-11 12:04:58
26.2,2016-04-11 12:05:02
26.2,2016-04-11 12:05:05
26.2,2016-04-11 12:05:08
26.3,2016-04-11 12:05:11
26.3,2016-04-11 12:05:15
26.3,2016-04-11 12:05:18
26.3,2016-04-11 12:05:21
26.3,2016-04-11 12:05:25
26.2,2016-04-11 12:05:28
26.2,2016-04-11 12:05:31
26.2,2016-04-11 12:05:34
26.2,2016-04-11 12:05:38
26.2,2016-04-11 12:05:41
26.2,2016-04-11 12:05:44
26.2,2016-04-11 12:05:48
26.2,2016-04-11 12:05:51
26.2,2016-04-11 12:05:54
26.2,2016-04-11 12:05:58
26.2,2016-04-11 12:06:01
26.2,2016-04-11 12:06:04
26.2,2016-04-11 12:06:07
26.2,2016-04-11 12:06:11
26.2,2016-04-11 12:06:14
26.3,2016-04-11 12:06:17
26.3,2016-04-11 12:06:21
26.3,2016-04-11 12:06:24
26.3,2016-04-11 12:06:27
26.3,2016-04-11 12:06:31
26.3,2016-04-11 12:06:34
26.3,2016-04-11 12:06:37
26.3,2016-04-11 12:06:40
26.3,2016-04-11 12:06:44
26.3,2016-04-11 12:06:47
26.3,2016-04-11 12:06:50
26.3,2016-04-11 12:06:54
26.39,2016-04-11 12:06:57
26.3,2016-04-11 12:07:00
26.3,2016-04-11 12:07:04
26.39,2016-04-11 12:07:07
26.3,2016-04-11 12:07:10
26.39,2016-04-11 12:07:13
26.39,2016-04-11 12:07:17
26.39,2016-04-11 12:07:20
26.39,2016-04-11 12:07:23
26.39,2016-04-11 12:07:27
26.39,2016-04-11 12:07:30
26.39,2016-04-11 12:07:33
26.5,2016-04-11 12:07:36
26.39,2016-04-11 12:07:40
26.39,2016-04-11 12:07:43
26.39,2016-04-11 12:07:46
26.39,2016-04-11 12:07:50
26.39,2016-04-11 12:07:53
26.39,2016-04-11 12:07:56
26.39,2016-04-11 12:08:00
26.39,2016-04-11 12:08:03
26.39,2016-04-11 12:08:06
26.39,2016-04-11 12:08:09
26.39,2016-04-11 12:08:13
26.39,2016-04-11 12:08:16
26.39,2016-04-11 12:08:19
26.39,2016-04-11 12:08:23
26.39,2016-04-11 12:08:26
26.39,2016-04-11 12:08:29
26.3,2016-04-11 12:08:33
26.39,2016-04-11 12:08:36
26.39,2016-04-11 12:08:39
26.3,2016-04-11 12:08:42
26.3,2016-04-11 12:08:46
26.39,2016-04-11 12:08:49
26.3,2016-04-11 12:08:52
26.3,2016-04-11 12:08:56
26.39,2016-04-11 12:08:59
26.39,2016-04-11 12:09:02
26.3,2016-04-11 12:09:06
26.3,2016-04-11 12:09:09
26.39,2016-04-11 12:09:12
26.3,2016-04-11 12:09:15
26.3,2016-04-11 12:09:19
26.39,2016-04-11 12:09:22
26.3,2016-04-11 12:09:25
26.3,2016-04-11 12:09:29
26.3,2016-04-11 12:09:32
26.3,2016-04-11 12:09:35
26.3,2016-04-11 12:09:39
26.3,2016-04-11 12:09:42
26.39,2016-04-11 12:09:45
26.3,2016-04-11 12:09:48
26.3,2016-04-11 12:09:52
26.3,2016-04-11 12:09:55
26.39,2016-04-11 12:09:58
26.39,2016-04-11 12:10:02
26.39,2016-04-11 12:10:05
26.39,2016-04-11 12:10:08
26.39,2016-04-11 12:10:11
26.39,2016-04-11 12:10:15
26.3,2016-04-11 12:10:18
26.3,2016-04-11 12:10:21
26.39,2016-04-11 12:10:25
26.39,2016-04-11 12:10:28
26.39,2016-04-11 12:10:31
26.3,2016-04-11 12:10:35
26.39,2016-04-11 12:10:38
26.3,2016-04-11 12:10:41
26.39,2016-04-11 12:10:44
26.3,2016-04-11 12:10:48
26.39,2016-04-11 12:10:51
26.39,2016-04-11 12:10:54
26.39,2016-04-11 12:10:58
26.39,2016-04-11 12:11:01
26.39,2016-04-11 12:11:04
26.39,2016-04-11 12:11:08
26.3,2016-04-11 12:11:11
26.39,2016-04-11 12:11:14
26.3,2016-04-11 12:11:17
26.3,2016-04-11 12:11:21
26.3,2016-04-11 12:11:24
26.3,2016-04-11 12:11:27
26.3,2016-04-11 12:11:31
26.3,2016-04-11 12:11:34
26.3,2016-04-11 12:11:37
26.3,2016-04-11 12:11:41
26.3,2016-04-11 12:11:44
26.3,2016-04-11 12:11:47
26.3,2016-04-11 12:11:50
26.3,2016-04-11 12:11:54
26.3,2016-04-11 12:11:57
26.3,2016-04-11 12:12:00
26.3,2016-04-11 12:12:04
26.3,2016-04-11 12:12:07
26.3,2016-04-11 12:12:10
26.3,2016-04-11 12:12:14
26.3,2016-04-11 12:12:17
26.3,2016-04-11 12:12:20
26.3,2016-04-11 12:12:23
26.3,2016-04-11 12:12:27
26.3,2016-04-11 12:12:30
26.3,2016-04-11 12:12:33
26.3,2016-04-11 12:12:37
26.3,2016-04-11 12:12:40
26.3,2016-04-11 12:12:43
26.3,2016-04-11 12:12:47
26.3,2016-04-11 12:12:50
26.3,2016-04-11 12:12:53
26.3,2016-04-11 12:12:56
26.3,2016-04-11 12:13:00
26.3,2016-04-11 12:13:03
26.3,2016-04-11 12:13:06
26.3,2016-04-11 12:13:10
26.3,2016-04-11 12:13:13
26.3,2016-04-11 12:13:16
26.3,2016-04-11 12:13:19
26.3,2016-04-11 12:13:23
26.3,2016-04-11 12:13:26
26.39,2016-04-11 12:13:29
26.3,2016-04-11 12:13:33
26.3,2016-04-11 12:13:36
26.39,2016-04-11 12:13:39
26.3,2016-04-11 12:13:43
26.39,2016-04-11 12:13:46
26.3,2016-04-11 12:13:49
26.3,2016-04-11 12:13:52
26.3,2016-04-11 12:13:56
26.39,2016-04-11 12:13:59
26.39,2016-04-11 12:14:02
26.3,2016-04-11 12:14:06
26.3,2016-04-11 12:14:09
26.3,2016-04-11 12:14:12
26.39,2016-04-11 12:14:16
26.3,2016-04-11 12:14:19
26.3,2016-04-11 12:14:22
26.3,2016-04-11 12:14:25
26.3,2016-04-11 12:14:29
26.3,2016-04-11 12:14:32
26.3,2016-04-11 12:14:35
26.3,2016-04-11 12:14:39
26.3,2016-04-11 12:14:42
26.3,2016-04-11 12:14:45
26.3,2016-04-11 12:14:48
26.3,2016-04-11 12:14:52
26.3,2016-04-11 12:14:55
26.3,2016-04-11 12:14:58
26.3,2016-04-11 12:15:02
26.3,2016-04-11 12:15:05
26.3,2016-04-11 12:15:08
26.3,2016-04-11 12:15:12
26.3,2016-04-11 12:15:15
26.3,2016-04-11 12:15:18
26.3,2016-04-11 12:15:21
26.3,2016-04-11 12:15:25
26.3,2016-04-11 12:15:28
26.3,2016-04-11 12:15:31
26.3,2016-04-11 12:15:35
26.3,2016-04-11 12:15:38
26.3,2016-04-11 12:15:41
26.3,2016-04-11 12:15:45
26.3,2016-04-11 12:15:48
26.3,2016-04-11 12:15:51
26.3,2016-04-11 12:15:54
26.3,2016-04-11 12:15:58
26.3,2016-04-11 12:16:01
26.3,2016-04-11 12:16:04
26.3,2016-04-11 12:16:08
26.3,2016-04-11 12:16:11
26.3,2016-04-11 12:16:14
26.3,2016-04-11 12:16:18
26.3,2016-04-11 12:16:21
26.3,2016-04-11 12:16:24
26.3,2016-04-11 12:16:27
26.3,2016-04-11 12:16:31
26.3,2016-04-11 12:16:34
26.3,2016-04-11 12:16:37
26.3,2016-04-11 12:16:41
26.3,2016-04-11 12:16:44
26.3,2016-04-11 12:16:47
26.3,2016-04-11 12:16:51
26.3,2016-04-11 12:16:54
26.3,2016-04-11 12:16:57
26.3,2016-04-11 12:17:00
26.3,2016-04-11 12:17:04
26.3,2016-04-11 12:17:07
26.3,2016-04-11 12:17:10
26.3,2016-04-11 12:17:14
26.3,2016-04-11 12:17:17
26.3,2016-04-11 12:17:20
26.3,2016-04-11 12:17:23
26.3,2016-04-11 12:17:27
26.3,2016-04-11 12:17:30
26.3,2016-04-11 12:17:33
26.3,2016-04-11 12:17:37
26.3,2016-04-11 12:17:40
26.3,2016-04-11 12:17:43
26.3,2016-04-11 12:17:47
26.3,2016-04-11 12:17:50
26.3,2016-04-11 12:17:53
26.3,2016-04-11 12:17:56
26.3,2016-04-11 12:18:00
26.3,2016-04-11 12:18:03
26.3,2016-04-11 12:18:06
26.3,2016-04-11 12:18:10
26.3,2016-04-11 12:18:13
26.3,2016-04-11 12:18:16
26.3,2016-04-11 12:18:20
26.3,2016-04-11 12:18:23
26.3,2016-04-11 12:18:26
26.3,2016-04-11 12:18:29
26.3,2016-04-11 12:18:33
26.3,2016-04-11 12:18:36
26.3,2016-04-11 12:18:39
26.3,2016-04-11 12:18:43
26.3,2016-04-11 12:18:46
26.3,2016-04-11 12:18:49
26.3,2016-04-11 12:18:53
26.3,2016-04-11 12:18:56
26.3,2016-04-11 12:18:59
26.3,2016-04-11 12:19:02
26.3,2016-04-11 12:19:06
26.3,2016-04-11 12:19:09
26.3,2016-04-11 12:19:12
26.3,2016-04-11 12:19:16
26.3,2016-04-11 12:19:19
26.3,2016-04-11 12:19:22
26.3,2016-04-11 12:19:26
26.3,2016-04-11 12:19:29
26.3,2016-04-11 12:19:32
26.3,2016-04-11 12:19:35
26.3,2016-04-11 12:19:39
26.3,2016-04-11 12:19:42
26.3,2016-04-11 12:19:45
26.2,2016-04-11 12:19:49
26.3,2016-04-11 12:19:52
26.3,2016-04-11 12:19:55
26.3,2016-04-11 12:19:58
26.3,2016-04-11 12:20:02
26.3,2016-04-11 12:20:05
26.3,2016-04-11 12:20:08
26.3,2016-04-11 12:20:12
26.2,2016-04-11 12:20:15
26.2,2016-04-11 12:20:18
26.2,2016-04-11 12:20:22
26.2,2016-04-11 12:20:25
26.2,2016-04-11 12:20:28
26.2,2016-04-11 12:20:31
26,2016-04-11 12:20:35
26,2016-04-11 12:20:38
25.89,2016-04-11 12:20:41
25.89,2016-04-11 12:20:45
25.89,2016-04-11 12:20:48
25.89,2016-04-11 12:20:51
25.89,2016-04-11 12:20:55
25.89,2016-04-11 12:20:58
25.8,2016-04-11 12:21:01
25.8,2016-04-11 12:21:04
25.89,2016-04-11 12:21:08
25.89,2016-04-11 12:21:11
25.89,2016-04-11 12:21:14
25.89,2016-04-11 12:21:18
25.89,2016-04-11 12:21:21
25.89,2016-04-11 12:21:24
25.89,2016-04-11 12:21:27
25.89,2016-04-11 12:21:31
25.89,2016-04-11 12:21:34
25.89,2016-04-11 12:21:37
25.89,2016-04-11 12:21:41
25.89,2016-04-11 12:21:44
25.89,2016-04-11 12:21:47
25.89,2016-04-11 12:21:51
25.89,2016-04-11 12:21:54
25.89,2016-04-11 12:21:57
25.89,2016-04-11 12:22:00
25.89,2016-04-11 12:22:04
25.89,2016-04-11 12:22:07
26,2016-04-11 12:22:10
26,2016-04-11 12:22:14
26,2016-04-11 12:22:17
26,2016-04-11 12:22:20
25.89,2016-04-11 12:22:24
26,2016-04-11 12:22:27
25.89,2016-04-11 12:22:30
26,2016-04-11 12:22:33
26,2016-04-11 12:22:37
26,2016-04-11 12:22:40
26,2016-04-11 12:22:43
26,2016-04-11 12:22:47
26,2016-04-11 12:22:50
26,2016-04-11 12:22:53
26,2016-04-11 12:22:57
26,2016-04-11 12:23:00
26,2016-04-11 12:23:03
26,2016-04-11 12:23:07
26,2016-04-11 12:23:10
26,2016-04-11 12:23:13
26.1,2016-04-11 12:23:17
26,2016-04-11 12:23:20
26,2016-04-11 12:23:23
26.1,2016-04-11 12:23:26
26.1,2016-04-11 12:23:30
26,2016-04-11 12:23:33
26.1,2016-04-11 12:23:36
26.1,2016-04-11 12:23:40
26.1,2016-04-11 12:23:43
26.1,2016-04-11 12:23:46
26.1,2016-04-11 12:23:49
26.1,2016-04-11 12:23:53
26.1,2016-04-11 12:23:56
26.1,2016-04-11 12:23:59
26.1,2016-04-11 12:24:03
26.1,2016-04-11 12:24:06
26.1,2016-04-11 12:24:09
26.1,2016-04-11 12:24:13
26.2,2016-04-11 12:24:16
26.2,2016-04-11 12:24:19
26.2,2016-04-11 12:24:22
26.2,2016-04-11 12:24:26
26.2,2016-04-11 12:24:29
26.2,2016-04-11 12:24:32
26.2,2016-04-11 12:24:36
26.2,2016-04-11 12:24:39
26.2,2016-04-11 12:24:42
26.2,2016-04-11 12:24:46
26.2,2016-04-11 12:24:49
26.3,2016-04-11 12:24:52
26.2,2016-04-11 12:24:55
26.2,2016-04-11 12:24:59
26.2,2016-04-11 12:25:02
26.2,2016-04-11 12:25:05
26.3,2016-04-11 12:25:09
26.2,2016-04-11 12:25:12
26.2,2016-04-11 12:25:15
26.2,2016-04-11 12:25:19
26.3,2016-04-11 12:25:22
26.3,2016-04-11 12:25:25
26.3,2016-04-11 12:25:28
26.3,2016-04-11 12:25:32
26.3,2016-04-11 12:25:35
26.3,2016-04-11 12:25:38
26.3,2016-04-11 12:25:42
26.3,2016-04-11 12:25:45
26.3,2016-04-11 12:25:48
26.3,2016-04-11 12:25:52
26.3,2016-04-11 12:25:55
26.3,2016-04-11 12:25:58
26.3,2016-04-11 12:26:01
26.3,2016-04-11 12:26:05
26.3,2016-04-11 12:26:08
26.3,2016-04-11 12:26:11
26.3,2016-04-11 12:26:15
26.3,2016-04-11 12:26:18
26.3,2016-04-11 12:26:21
26.3,2016-04-11 12:26:24
26.3,2016-04-11 12:26:28
26.3,2016-04-11 12:26:31
26.3,2016-04-11 12:26:34
26.39,2016-04-11 12:26:38
26.3,2016-04-11 12:26:41
26.39,2016-04-11 12:26:44
26.39,2016-04-11 12:26:48
26.39,2016-04-11 12:26:51
26.39,2016-04-11 12:26:54
26.39,2016-04-11 12:26:57
26.39,2016-04-11 12:27:01
26.39,2016-04-11 12:27:04
26.39,2016-04-11 12:27:07
26.39,2016-04-11 12:27:11
26.39,2016-04-11 12:27:14
26.39,2016-04-11 12:27:17
26.5,2016-04-11 12:27:21
26.5,2016-04-11 12:27:24
26.5,2016-04-11 12:27:27
26.5,2016-04-11 12:27:30
26.5,2016-04-11 12:27:34
26.5,2016-04-11 12:27:37
26.5,2016-04-11 12:27:40
26.5,2016-04-11 12:27:44
26.5,2016-04-11 12:27:47
26.5,2016-04-11 12:27:50
26.5,2016-04-11 12:27:54
26.5,2016-04-11 12:27:57
26.5,2016-04-11 12:28:00
26.5,2016-04-11 12:28:03
26.5,2016-04-11 12:28:07
26.5,2016-04-11 12:28:10
26.5,2016-04-11 12:28:13
26.5,2016-04-11 12:28:17
26.5,2016-04-11 12:28:20
26.5,2016-04-11 12:28:23
26.5,2016-04-11 12:28:26
26.5,2016-04-11 12:28:30
26.5,2016-04-11 12:28:33
26.5,2016-04-11 12:28:36
26.5,2016-04-11 12:28:40
26.5,2016-04-11 12:28:43
26.5,2016-04-11 12:28:46
26.6,2016-04-11 12:28:50
26.6,2016-04-11 12:28:53
26.5,2016-04-11 12:28:56
26.5,2016-04-11 12:28:59
26.5,2016-04-11 12:29:03
26.5,2016-04-11 12:29:06
26.5,2016-04-11 12:29:09
26.6,2016-04-11 12:29:13
26.5,2016-04-11 12:29:16
26.6,2016-04-11 12:29:19
26.6,2016-04-11 12:29:23
26.5,2016-04-11 12:29:26
26.6,2016-04-11 12:29:29
26.6,2016-04-11 12:29:32
26.6,2016-04-11 12:29:36
26.5,2016-04-11 12:29:39
26.6,2016-04-11 12:29:42
26.5,2016-04-11 12:29:46
26.6,2016-04-11 12:29:49
26.6,2016-04-11 12:29:52
26.6,2016-04-11 12:29:56
26.6,2016-04-11 12:29:59
